pair_id,stratum,a_source,a_brand,a_name,a_size,b_source,b_brand,b_name,b_size,suggested,suggest_reason,label
Pb2c1b8eb977b,merged,binnys,Livingston Cellars,Livingston Cellars Red Rose,1.5L,total-wine,Livingston Cellars,Livingston Cellars Red Rose,1.5L Bottle,,,
P90044d923a3d,merged,abc,Mi Campo,Mi Campo Reposado Tequila,1.75 L,binnys,Mi Campo,Mi Campo Reposado,1.75L,,,
Pfc590a067b21,merged,binnys,Baron Herzog,Baron Herzog Sauvignon Blanc,750ML,abc,Baron Herzog,Baron Herzog Sauvignon Blanc,750 mL,,,
Pc0e6da759f63,merged,binnys,Zuccardi,Zuccardi Serie A Torrontes,750ML,abc,Zuccardi,Zuccardi Serie A Torrontes,750 mL,,,
P6a57a22c995e,merged,binnys,Cruzan,Cruzan Black Cherry Rum,750ML,abc,Cruzan,Cruzan Black Cherry Rum,750 mL,,,
Pbd46c05283d2,merged,binnys,Hpnotiq,Hpnotiq Liqueur,750ML,abc,Hpnotiq,Hpnotiq Liqueur,750 mL,,,
Pe8e456e1f3d6,merged,abc,Humano,Humano Reposado Tequila,750 mL,binnys,Humano,Humano Tequila Reposado,750ML,,,
P0d9729bfb953,merged,abc,Campo Azul,Campo Azul Selecto Anejo Tequila,750 mL,binnys,Campo Azul,Campo Azul Selecto Anejo Tequila,750ML,,,
P7fc6c780eb0e,merged,abc,Basil Hayden's,Basil Hayden Toast Bourbon Whiskey,750 mL,binnys,Basil Hayden,Basil Hayden Toast,750ML,,,
P30b79b0ee3a8,merged,total-wine,Clase Azul,Clase Azul Reposado Tequila,1.75L Bottle,binnys,Clase Azul,Clase Azul Reposado Tequila,1.75L,,,
Pe7b90f74262c,merged,abc,Montenegro,Montenegro Amaro,750 mL,binnys,Montenegro,Amaro Montenegro,750ML,,,
P1f35c6e4182c,merged,binnys,Bacardi,Bacardi Lime Rum,1.75L,abc,Bacardi,Bacardi Lime Rum,1.75 L,,,
P90f3947ee484,merged,binnys,Cazcanes,Cazcanes Tequila Reposado No. 7,750ML,abc,Cazcanes,Cazcanes NO. 7 Reposado Tequila,750 mL,,,
P0959599721ec,merged,binnys,Skrewball,Skrewball Peanut Butter Whiskey,50ML,abc,Skrewball,Skrewball Peanut Butter Whiskey,50 mL,,,
P3af2f282ff40,merged,binnys,Sutter Home,Sutter Home Merlot,1.5L,abc,Sutter Home,Sutter Home Merlot,1.5 L,,,
P67635e6be75d,merged,abc,Apothic,Apothic Cabernet Sauvignon,750 mL,binnys,Apothic,Apothic Cabernet Sauvignon,750ML,,,
Pf244c139e111,merged,haskells,Jack Daniel's,Jack Daniels Barrel Proof  750ml,,binnys,Jack Daniel's,Jack Daniel's Barrel Proof Single Barrel,750ML,,,
P53658261c945,merged,binnys,Johnnie Walker,Johnnie Walker Black Label,750ML,abc,Johnnie Walker,Johnnie Walker Black Label Scotch,750 mL,,,
Pf96b6b8fc077,merged,binnys,Bolla,Bolla Valpolicella,1.5L,abc,Bolla,Bolla Valpolicella,1.5 L,,,
Pfabc5e4a3050,merged,binnys,Graham's,Graham's Vintage Port 1994,750ML,total-wine,Graham's,"Graham's Vintage Port, 1994",750ml Bottle,,,
P506bd9361783,merged,binnys,Taylor,Taylor Port,750ML,abc,Taylor,Taylor Port,750 mL,,,
P1f94fa25d23b,merged,abc,Dekuyper,DeKuyper Peachtree Schnapps,1.75 L,binnys,Dekuyper,Dekuyper Peachtree,1.75L,,,
P717e3aad9c63,merged,binnys,Ecco Domani,Ecco Domani Pinot Grigio,750ML,abc,Ecco Domani,Ecco Domani Pinot Grigio,750 mL,,,
Pbf9038a5784b,merged,abc,Yellow Tail,Yellow Tail Pure Bright Sauvignon Blanc,1.5 L,binnys,Yellow Tail,Yellow Tail Pure Bright Sauvignon Blanc,1.5L,,,
Pa35b18d4d11d,merged,total-wine,Bolla,Bolla Chianti,1.5L Bottle,binnys,Bolla,Bolla Chianti,1.5L,,,
P10744a0c0b8e,merged,binnys,Taylor,Taylor Port,3L,abc,Taylor,Taylor Port,3.0 L,,,
Pd863996cba4e,merged,binnys,Cupcake,Cupcake Moscato,750ML,total-wine,Cupcake,Cupcake Moscato,750ml Bottle,,,
P38dfb8b9109b,merged,abc,Jim Beam,Jim Beam Red Stag Black Cherry Bourbon,50 mL,binnys,Jim Beam,Jim Beam Red Stag Black Cherry Bourbon,50ML,,,
P928c2aa9d3a4,merged,abc,Summit,Summit Pinot Grigio,3.0 L,binnys,Summit Wine,Summit Pinot Grigio,3L,,,
Pa0c0efcdb1fa,merged,binnys,Roederer Estate,Roederer Estate Brut,750ML,abc,Roederer Estate,Roederer Estate Brut,750 mL,,,
Pd87b145709e8,merged,total-wine,Kamora,Kamora Coffee Liqueur,750ml Bottle,binnys,Kamora,Kamora Coffee Liqueur,750ML,,,
P103a63915c5a,merged,abc,Corralejo,Corralejo Reposado Tequila,750 mL,binnys,Corralejo,Corralejo Reposado Tequila,750ML,,,
P42728214a894,merged,binnys,Dalmore,Dalmore 12 year Old Sherry Cask Select,750ML,abc,Dalmore,Dalmore Sherry Cask Select 12 Year Scotch,750 mL,,,
P7df918fa73d7,merged,abc,Ole Smoky,Ole Smoky Mint Chocolate Chip Cream Liqueur,750 mL,binnys,Ole Smoky,Ole Smoky Mint Chocolate Chip Cream Liqueur,750ML,,,
Pe3a97f3ec378,merged,binnys,Cavit,Cavit Pinot Grigio Cloud 90,750ML,abc,Cavit,Cavit Cloud 90 Pinot Grigio,750 mL,,,
Pd9d57ef0fd54,merged,total-wine,Christian Brothers,Christian Brothers Ruby Port,1.5L Bottle,binnys,Christian Brothers,Christian Brothers Ruby Port,1.5L,,,
P5e9800681e4f,merged,binnys,Maestro Dobel,Maestro Dobel 50 Cristalino Extra Anejo,750ML,abc,Maestro Dobel,Maestro Dobel 50 Cristalino Extra Anejo Tequila,750 mL,,,
Pedcddb83924e,merged,abc,Patron,Patron Silver Tequila,375 mL,binnys,Patron,Patron Silver Tequila,375ML,,,
P4ad4108209aa,merged,binnys,Clase Azul,Clase Azul Reposado Tequila,750ML,abc,Clase Azul,Clase Azul Reposado Tequila,750 mL,,,
Pb1e4cde798b9,merged,abc,Uncle Val's,Uncle Val's Botanical Gin,750 mL,binnys,Uncle Val's,Uncle Val's Botanical Gin,750ML,,,
P1a52a539c0a5,merged,binnys,Cune,Cune Cava Brut,750ML,abc,Cune,Cune Cava Brut,750 mL,,,
P7f803b9b6611,merged,binnys,Gruet,Gruet Brut,750ML,abc,Gruet,Gruet Brut,750 mL,,,
Pfcb03d6186bb,merged,abc,Bota Box,Bota Box Pinot Noir,3.0 L,binnys,Bota Box,Bota Box Pinot Noir,3L,,,
P4a714377c01c,merged,abc,Martini &amp; Rossi,Martini & Rossi Asti,750 mL,binnys,Martini & Rossi,Martini & Rossi Asti,750ML,,,
P5025b940bf13,merged,abc,Margaritaville,Margaritaville Gold Tequila,50 mL,binnys,Margaritaville,Margaritaville Gold Tequila,50ML,,,
P62e544a0df70,merged,binnys,Bota Box,Bota Box Dry Rose,3L,abc,Bota Box,Bota Box Dry Rose,3.0 L,,,
P1da070e3d748,merged,binnys,Los Sundays,Los Sundays Tequila Coconut Blanco,750ML,abc,Los Sundays,Los Sundays Coconut Blanco Tequila,750 mL,,,
P36315f8aa37f,merged,abc,Risata,Risata Moscato D'Asti,750 mL,binnys,Risata,Risata Moscato d'Asti,750ML,,,
P671124979e00,merged,binnys,Burnett's,Burnett's Vodka,1.75L,abc,Burnett,Burnetts Vodka,1.75 L,,,
P8034fd040f0d,merged,binnys,Antinori,Antinori Santa Cristina Pinot Grigio,750ML,abc,Antinori,Antinori Santa Cristina Pinot Grigio,750 mL,,,
P0750b29f957c,merged,binnys,Gruet,Gruet Demi Sec,750ML,total-wine,Gruet,Gruet Demi-Sec,750ml Bottle,,,
P571fa03e9c39,merged,total-wine,Skyy,SKYY Vodka,375ml Bottle,binnys,Skyy,Skyy Vodka,375ML,,,
P063bb55a5cd2,merged,total-wine,Mionetto,Mionetto IL Prosecco,750ml Bottle,binnys,Mionetto,Mionetto il Prosecco,750ML,,,
Paeb297553344,merged,binnys,Martin Codax,Martin Codax Albarino,750ML,abc,Martin Codax,Martin Codax Albarino,750 mL,,,
P131d15865e29,merged,abc,Jefferson's,Jefferson's Rye Whiskey,750 mL,binnys,Jefferson's,Jefferson's Rye Whiskey,750ML,,,
P4637cc80b64c,merged,binnys,Good Boy,Good Boy Vodka,750ML,abc,Good Boy Vodka,Good Boy Vodka,750 mL,,,
P1f30db43f423,merged,abc,Deep Eddy,Deep Eddy Ruby Red Grapefruit Vodka,750 mL,binnys,Deep Eddy,Deep Eddy Ruby Red Grapefruit Vodka,750ML,,,
Pef9a6bdd1a4a,merged,abc,Deep Eddy,Deep Eddy Lemon Vodka,1.75 L,binnys,Deep Eddy,Deep Eddy Lemon Vodka,1.75L,,,
Pbe227383e4a8,merged,abc,Francois Montand,Francois Montand Blanc De Blancs,750 mL,binnys,Francois Montand,Francois Montand Blanc de Blancs,750ML,,,
Pff44d5fa2c89,merged,abc,Seagram's,Seagram's Extra Dry Gin,1.75 L,binnys,Seagram's Gin,Seagram's Extra Dry Gin,1.75L,,,
P7e09b9b85404,merged,binnys,Salt of the Earth,Salt of the Earth Flore de Moscato,750ML,abc,Salt of the Earth,Salt of the Earth Flore De Moscato,750 mL,,,
P0b3455ba268d,merged,binnys,Buchanan's,Buchanan's Master Blended Scotch Whisky,750ML,abc,Buchanan's,Buchanan's Master Blended Scotch Whisky,750 mL,,,
P352f9a45b2fe,merged,binnys,Don Q,Don Q Gold Rum,1.75L,abc,Don Q,Don Q Gold Rum,1.75 L,,,
Pb4e944128660,merged,binnys,Espy House,Espy House Wheated Bourbon Small Batch,750ML,abc,Espy House,Espy House Small Batch Wheated Bourbon Whiskey,750 mL,,,
P781321308cf8,merged,binnys,Jameson,Jameson 18 year old Irish Whiskey,750ML,abc,Jameson,Jameson 18 Year Irish Whiskey,750 mL,,,
Pd6aef57d75da,merged,binnys,Von Payne,Von Payne Reserve Cask Strength Bourbon,750ML,abc,Von Payne,Von Payne Reserve Cask Strength Whiskey,750 mL,,,
P6074b1f21680,merged,abc,Dr. Mcgillicuddy's,Dr. McGillicuddy's Mentholmint Liqueur,750 mL,binnys,Dr McGillicuddy's,Dr McGillicuddy's Mentholmint Schnapps Liqueur,750ML,,,
P6fd653e9a6e7,merged,binnys,Jinro,Jinro Melon Soju,375ML,abc,Jinro,Jinro Melon Soju,375 mL,,,
P7e042d755c7d,merged,binnys,Sauza,Sauza Hacienda Gold Tequila,50ML,total-wine,Sauza,Sauza Hacienda Gold Tequila,50ml Bottle,,,
Pa8908482df95,merged,abc,Town Branch,Town Branch Bourbon Whiskey,750 mL,binnys,Town Branch,Town Branch Bourbon,750ML,,,
Pf6688bdbfe95,merged,binnys,Loch Lomond,Loch Lomond 12 year old Single Malt,750ML,abc,Loch Lomond,Loch Lomond 12 Year Single Malt Scotch,750 mL,,,
P87052dc4a471,merged,abc,Jose Cuervo,Jose Cuervo Especial Silver Tequila,375 mL,binnys,Jose Cuervo,Jose Cuervo Especial Silver Tequila,375ML,,,
Pe08fbeff1257,merged,binnys,Riunite,Riunite Lambrusco,3L,abc,Riunite,Riunite Lambrusco,3.0 L,,,
Pe6a052f9c889,merged,abc,Kentucky Owl,Kentucky Owl Takumi Edition Kentucky Straight Bourbon Whiskey,750 mL,binnys,Kentucky Owl,Kentucky Owl Takumi Edition Kentucky Straight Bourbon,750ML,,,
Pd1f21d7c8c71,merged,binnys,Rothman & Winter,Rothman & Winter Creme de Violette Liqueur,750ML,abc,Rothman &amp; Winter,Rothman & Winter Creme de Violette,750 mL,,,
Pa2ae89da618d,merged,binnys,Clan MacGregor,Clan MacGregor Blended Scotch,1.75L,abc,Clan Macgregor,Clan MacGregor Blended Scotch Whisky,1.75 L,,,
P88e06dcd14b3,merged,abc,Teremana,Teremana Blanco Tequila,375 mL,binnys,Teremana,Teremana Blanco Tequila,375ML,,,
Pee631c5d75de,merged,binnys,Jack Daniel's,Jack Daniel's Tennessee Honey,750ML,abc,Jack Daniel's,Jack Daniel's Honey Tennessee Whiskey,750 mL,,,
Pa8de566e7cee,merged,binnys,GlenAllachie,GlenAllachie 30 year old Batch # 3 Speyside Single Malt,700ML,binnys,GlenAllachie,GlenAllachie 30 year old Batch # 4 Speyside Single Malt,700ML,,,
P4f60693acfdd,merged,binnys,Ketel One,Ketel One Vodka,375ML,abc,Ketel One,Ketel One Vodka,375 mL,,,
Peb8d14ecf9b7,merged,abc,Casamigos,Casamigos Anejo Tequila,750 mL,binnys,Casamigos,Casamigos Anejo Tequila,750ML,,,
Pf0aa89b6f523,merged,abc,Maker's Mark,Maker's Mark Bourbon,375 mL,binnys,Maker's Mark,Maker's Mark Bourbon,375ML,,,
Pe972c5ab3421,merged,binnys,Maker's Mark,Maker's 46 Bourbon,750ML,abc,Maker's Mark,Maker's Mark 46 Bourbon,750 mL,,,
Pb83a3c5622f8,merged,binnys,Noilly Prat,Noilly Prat Extra Dry Vermouth,750ML,abc,Noilly Prat,Noilly Prat Extra Dry Vermouth,750 mL,,,
Pdbefe49f461b,merged,abc,Stella Rosa,Stella Rosa Cranberry,750 mL,binnys,Stella Rosa,Stella Rosa Cranberry,750ML,,,
Pc1e7a5162837,merged,abc,Andre,Andre Strawberry Mimosa,750 mL,binnys,Andre,Andre Strawberry Mimosa,750ML,,,
P60da5e345a10,merged,abc,Casamigos,Casamigos Reposado Tequila,1.75 L,binnys,Casamigos,Casamigos Reposado Tequila,1.75L,,,
Pcdfefde70370,merged,binnys,Cazadores,Cazadores Reposado Tequila,1.75L,abc,Cazadores,Cazadores Reposado Tequila,1.75 L,,,
P925f88c59a2d,merged,abc,Macallan,Macallan 15 Year Double Cask Scotch,750 mL,binnys,Macallan,The Macallan 15 year old Double Cask,750ML,,,
P5d98707efb08,merged,binnys,Prarie Organic,Prairie Organic Vodka,1.75L,binnys,Prarie Organic,Prairie Organic Gin,1.75L,,,
Pacc78ce74de0,merged,binnys,Burnett's,Burnett's Lime Vodka,1.75L,total-wine,Burnett's,Burnett's Vodka Lime,1.75L Bottle,,,
Pbc0d6aecbad9,merged,binnys,Hennessy,Hennessy VS Cognac,50ML,abc,Hennessy,Hennessy VS Cognac,50 mL,,,
Pc5da887ef0e7,merged,binnys,Italicus,Italicus Rosolio di Bergamotto Liqueur,750ML,abc,Italicus,Italicus Rosolio Di Bergamotto Liqueur,750 mL,,,
Pebc467391335,merged,total-wine,Kamora,Kamora Coffee Liqueur,1.75L Bottle,binnys,Kamora,Kamora Coffee Liqueur,1.75L,,,
P1fb928b329ae,merged,abc,Hard Truth,Hard Truth Bottled in Bond Sweet Mash Wheated Bourbon Whiskey,750 mL,binnys,Hard Truth,Hard Truth 5 year old Wheated Sweet Mash Bourbon Bottled in Bond,750ML,,,
Pad867570b57b,merged,binnys,Gran Malo,Gran Malo Spicy Tamarindo Liqueur,750ML,abc,Gran Malo,Gran Malo Spicy Tamarindo Tequila Liqueur,750 mL,,,
P8acc3755fdfb,merged,binnys,Drambuie,Drambuie Liqueur,750ML,abc,Drambuie,Drambuie Scotch Whisky Liqueur,750 mL,,,
P30337011b7af,merged,binnys,Chi Chi's,Chi Chi's Margarita,1.75L,abc,Chi-Chi's,Chi-Chi's Margarita,1.75 L,,,
P1805377a600f,merged,binnys,Dough Ball,Dough Ball Cookie Dough Whiskey,750ML,abc,Dough Ball,Dough Ball Cookie Dough Whiskey,750 mL,,,
P837eefd24596,merged,total-wine,Schmitt Sohne,Schmitt Sohne Riesling Qba,187ml Bottle,binnys,Schmitt Sohne,Schmitt Sohne Riesling QbA 4 Pack,4 x 187ML,,,
P39e13554e09d,merged,abc,Josh,Josh Cellars Cabernet Sauvignon,1.5 L,binnys,Josh Cellars,Josh Cellars Cabernet Sauvignon,1.5L,,,
P62ad9dc6186a,merged,binnys,Martini & Rossi,Martini & Rossi Bianco Vermouth,750ML,abc,Martini &amp; Rossi,Martini Bianco Vermouth,750 mL,,,
P64bf2a4d754e,merged,abc,Don Julio,Don Julio Reposado Tequila,375 mL,binnys,Don Julio,Don Julio Reposado Tequila,375ML,,,
P64ce9e791259,merged,binnys,1800,1800 Coconut Tequila,1.75L,abc,1800,1800 Coconut Tequila,1.75 L,,,
Pcaa3d136a797,merged,abc,Franciscan,Franciscan Cabernet Sauvignon,750 mL,binnys,Franciscan,Franciscan Cabernet Sauvignon,750ML,,,
P29463294afc8,merged,abc,W.L. Weller,Weller Millennium Bourbon Whiskey,750 mL,binnys,Weller,Weller Millennium Whiskey,750ML,,,
Pe14583464167,merged,abc,Bushido,Bushido Sake Way Of The Warrior,180 mL,binnys,Bushido,Bushido Way of the Warrior,180ML,,,
P53929c936911,merged,abc,Three Olives,Three Olives Grape Vodka,1.75 L,binnys,Three Olives,Three Olives Grape Vodka,1.75L,,,
Pd1f6c79843b0,merged,binnys,Buchanan's,Buchanan's Pineapple with Fifa Glass,750ML,abc,Buchanan's,Buchanan's Pineapple Scotch Whisky with FIFA Glass,750 mL,,,
P0b8a4d916463,merged,abc,Pama,Pama Pomegranate Liqueur,750 mL,binnys,Pama,Pama Pomegranate Liqueur,750ML,,,
Paa5037264d4c,merged,binnys,Johnnie Walker,Johnnie Walker Black Label,50ML,abc,Johnnie Walker,Johnnie Walker Black Label Scotch,50 mL,,,
Pc2311b36b045,merged,abc,Sandeman,Sandeman Tawny Port 10 Year,750 mL,binnys,Sandeman,Sandeman 10 Year Old Tawny Port,750ML,,,
P33dfa7b7be6c,merged,total-wine,Svedka,Svedka Vodka,375ml Bottle,binnys,Svedka,Svedka Vodka,375ML,,,
P7c44c852986d,merged,total-wine,E. Guigal,"Guigal Cote Rotie Brune et Blonde, 2020",750ml Bottle,binnys,Guigal,Guigal Cote Rotie Brune et Blonde 2020,750ML,,,
Pefaf893d4232,merged,total-wine,Tribuno,Tribuno Sweet Vermouth,750ml Bottle,abc,Tribuno,Tribuno Sweet Vermouth,750 mL,,,
Pd15671f99463,merged,binnys,Fuji,Fuji Single Grain Japanese Whiskey,700ML,abc,Fuji,Fuji Single Grain Japanese Whiskey,700 mL,,,
P056181ffb829,merged,abc,Crown Royal,Crown Royal Peach Canadian Whisky,1.75 L,binnys,Crown Royal,Crown Royal Peach Canadian Whisky,1.75L,,,
Pd6756b8bbdf0,merged,total-wine,Malibu,Malibu Mango Rum,750ml Bottle,binnys,Malibu,Malibu Mango Rum,750ML,,,
Pa9c642441a83,merged,total-wine,291,291 Barrel Proof Colorado Rye Whiskey,750ml Bottle,total-wine,291,291 Single Barrel Colorado Rye Whiskey,750ml Bottle,,,
Pccbb42c94c6d,merged,binnys,Cupcake,Cupcake Lighthearted Pinot Grigio,750ML,abc,Cupcake Vineyards,Cupcake LightHearted Pinot Grigio,750 mL,,,
P77d6f788b3de,merged,abc,Martini &amp; Rossi,Martini Sweet Vermouth,375 mL,binnys,Martini & Rossi,Martini & Rossi Sweet Vermouth,375ML,,,
P2f24b190361f,merged,binnys,Ketel One,Ketel One Botanical Peach Orange Blossom Vodka,750ML,abc,Ketel One,Ketel One Botanical Peach & Orange Blossom Vodka,750 mL,,,
P7b41d7e1f16c,merged,abc,Casamigos,Casamigos Reposado Tequila,750 mL,binnys,Casamigos,Casamigos Reposado Tequila,750ML,,,
P1d8db93173ea,merged,binnys,Tullamore Dew,Tullamore D.E.W. Irish Whiskey,1.75L,abc,Tullamore Dew,Tullamore D.E.W. Irish Whiskey,1.75 L,,,
Pc77b55e90e0e,merged,binnys,Tanqueray,Tanqueray London Dry Gin,1.75L,abc,Tanqueray,Tanqueray London Dry Gin,1.75 L,,,
P110fb0600de2,merged,binnys,Di Padrino,di Padrino Dry Vermouth,750ML,abc,Di Padrino,Di Padrino Dry Vermouth,750 mL,,,
Pae32a77ba4af,merged,abc,Smirnoff,Smirnoff Vodka PET,1.75 L,binnys,Smirnoff,Smirnoff Vodka PET,1.75L,,,
P9dcdea3a0062,merged,binnys,Black Box,Black Box Malbec,3L,haskells,Black Box,Black Box Malbec 3.0L,,,,
Pb18e4412d3d8,merged,binnys,Bacardi,Bacardi Coconut Rum,750ML,abc,Bacardi,Bacardi Coconut Rum,750 mL,,,
P785292ddbf41,merged,abc,Andre,Andre Peach Bellini,750 mL,binnys,Andre,Andre Peach Bellini,750ML,,,
Pa31eb24de4e8,merged,abc,Stella Rosa,Stella Rosa Red,750 mL,binnys,Stella Rosa,Stella Rosa Red,750ML,,,
Pbcdf21ecdc9c,merged,abc,Yellow Tail,Yellow Tail Big Bold Red,1.5 L,binnys,Yellow Tail,Yellow Tail Big Bold Red,1.5L,,,
P6defcedc07f7,merged,binnys,Warre's,Warre's Warrior Port,750ML,abc,Warre's,Warre's Warrior Port,750 mL,,,
Peae958f96669,merged,abc,Jack Daniel's,Jack Daniel's Honey Tennessee Whiskey,50 mL,binnys,Jack Daniel's,Jack Daniel's Tennessee Honey,50ML,,,
P67f902fff2be,merged,abc,Ron Barcelo,Ron Barcelo Imperial Rum,750 mL,binnys,Ron Barcelo,Ron Barcelo Imperial Rum,750ML,,,
Pc064058bde36,merged,binnys,Citadelle,Citadelle Gin,750ML,abc,Citadelle,Citadelle Gin,750 mL,,,
P75046f59b342,merged,abc,Fraser &amp; Thompson,Fraser and Thompson North American Whiskey,750 mL,binnys,Fraser &Thompson,Fraser & Thompson North American Whiskey,750ML,,,
P0bbc004e1359,merged,abc,Bota Box,Bota Box Sauvignon Blanc,3.0 L,binnys,Bota Box,Bota Box Sauvignon Blanc,3L,,,
Pdbefe49f461b,merged,abc,Stella Rosa,Stella Rosa Blueberry,750 mL,binnys,Stella Rosa,Stella Rosa Blueberry,750ML,,,
P294975edc9cc,merged,binnys,Laurent Perrier,Laurent Perrier Brut La Cuvee,750ML,abc,Laurent-Perrier,Laurent-Perrier La Cuvee Brut,750 mL,,,
P2a9cc8b91e37,merged,abc,Suerte Tequila,Suerte Reposado Tequila,750 mL,binnys,Suerte,Suerte Tequila Reposado,750ML,,,
P456953afd5b1,merged,total-wine,Hiram Walker,Hiram Walker Peach Schnapps,750ml Bottle,binnys,Hiram Walker,Hiram Walker Peach Schnapps,750ML,,,
Pedc9a9df6944,merged,binnys,Kinky,Kinky Pink Liqueur,750ML,abc,Kinky Liqueur,Kinky Pink Liqueur,750 mL,,,
Pcb96e7c7e316,merged,abc,Bib &amp; Tucker,Bib & Tucker Small Batch Bourbon,750 mL,binnys,Bib & Tucker,Bib & Tucker 6 year old Small Batch Bourbon,750ML,,,
Pb48087673561,merged,abc,Jim Beam,Jim Beam Apple Bourbon Whiskey,750 mL,binnys,Jim Beam,Jim Beam Apple,750ML,,,
P6c95b666e601,merged,abc,Campo Azul,Campo Azul Selecto Reposado Tequila,750 mL,binnys,Campo Azul,Campo Azul Selecto Reposado Tequila,750ML,,,
Pdea68c1d5dce,merged,abc,Don Julio,Don Julio Blanco Tequila,750 mL,binnys,Don Julio,Don Julio Blanco Tequila,750ML,,,
P9a92557d3d3d,merged,binnys,Meukow,Meukow VS Cognac,750ML,abc,Meukow,Meukow VS Cognac,750 mL,,,
Pbd0dc98f63c5,merged,binnys,Por Osos,Por Osos Vodka,750ML,abc,Por Oso,Por Osos Vodka,750 mL,,,
P2e0262805d4d,merged,abc,Captain Morgan,Captain Morgan Spiced Rum,1.75 L,binnys,Captain Morgan,Captain Morgan Spiced Rum,1.75L,,,
Pfb93fc13d4ba,near_miss,total-wine,Blue Point,Blue Point Beach Plum Gose,12oz Can,total-wine,Blue Point,Blue Point Citrus Plunge IPA,12oz Can,,,
Pf5df7cadaaf0,near_miss,binnys,Biale,Biale Petite Sirah Royal Punishers 2021,750ML,binnys,Biale,Robert Biale Zinfandel RW Moore Vineyard 2023,750ML,,,
P8504fc219373,near_miss,binnys,Baldoria,Baldoria Bianco Dry Vermouth,750ML,binnys,Baldoria,Baldoria Rosso Sweet Vermouth,750ML,,,
Pd69d674c2558,near_miss,binnys,Grey Goose,Grey Goose Vodka,750ML,binnys,Grey Goose,Grey Goose Berry Rouge Vodka,750ML,,,
Padbaa03f7845,near_miss,binnys,Tablas Creek,Tablas Creek Esprit de Tablas Blanc 2023,750ML,binnys,Tablas Creek,Tablas Creek Patelin de Tablas Blanc 2023,750ML,,,
P0d18bac31b04,near_miss,binnys,Knob Creek,Knob Creek Ryno's Rye Single Barrel Silver Slugger 1-6-5 15F8 Ryno Handpicked,750ML,binnys,Knob Creek,Knob Creek Bourbon Single Barrel # 21784 K-4-4 Binny's Handpicked,750ML,,,
P35d19e7392ad,near_miss,abc,Natural/Busch/Bud Ice/Rock,Natural Ice,12 Oz,abc,Natural/Busch/Bud Ice/Rock,Natural Light,12 Oz,,,
P6462d45359f3,near_miss,binnys,Bruichladdich,Port Charlotte SYC:01 10 year old Heavily Peated Matured in ex Syrah Casks Cask Exploration Series 2013,750ML,binnys,Bruichladdich,Bruichladdich Black Art 10 29 year old Unpeated Islay Malt 2022,750ML,,,
Pa5d11e184fcc,near_miss,abc,Shannon Ridge,Shannon Ridge High Elevation Zinfandel,750 mL,abc,Shannon Ridge,Shannon Ridge Wrangler Red,750 mL,,,
P0f9fd65e7af9,near_miss,binnys,Barefoot,Barefoot Pink Moscato,750ML,binnys,Barefoot,Barefoot Red Moscato,750ML,,,
P18e2020d359d,near_miss,binnys,Illahe,Illahe Estate Pinot Noir 2023,750ML,binnys,Illahe,Illahe Viognier 2024,750ML,,,
P3391d10bd899,near_miss,binnys,Heitz,Heitz Cabernet Sauvignon Trailside Vineyard 2016,750ML,binnys,Heitz,Heitz Cabernet Sauvignon Lot C 91 2018,750ML,,,
P140ba9035cc2,near_miss,binnys,Banfi,Banfi Chianti Classico Riserva 2022,750ML,binnys,Banfi,Banfi Rosa Regale Brachetto d'Acqui 2023,750ML,,,
P2fa075e290a7,near_miss,binnys,Kilkerran,Kilkerran 12 year old Campbeltown Single Malt,700ML,binnys,Kilkerran,Kilkerran 8 year old Cask Strength ex Bourbon Barrel Campbeltown Malt,700ML,,,
P571f6c77fe52,near_miss,binnys,Antioqueno,Aguardiente Antioqueno Sin Azucar (without sugar),750ML,abc,Antioqueno,Aguardiente Antioqueno Sin Azucar Verde Rum,750 mL,,,
Pf073d19abc05,near_miss,abc,Lagunitas,Lagunitas Daytime Low Cal,12 Oz,abc,Lagunitas,Lagunitas Daytime,12 Oz,,,
P01ba488119a0,near_miss,binnys,Bhakta,Bhakta Brandy 50 year old Batch # 23 Morgan,750ML,binnys,Bhakta,Bhakta Brandy 50 year old Batch # 25 Lindbergh,750ML,,,
P23a08aa73d4c,near_miss,abc,Stone,Stone IPA Variety Pack,12 Oz,total-wine,5 Stones,5 Stones Pompous Monkey,12oz Can,,,
Pa7edf7f35ee3,near_miss,binnys,Domaine des Corbillieres,Domaine des Corbillieres Touraine Sauvignon Blanc 2023,750ML,binnys,Domaine des Corbillieres,Domaine des Corbillieres Touraine Sauvignon Blanc 2024,750ML,,,
Pc12f295415e0,near_miss,binnys,Blackbird,Blackbird Arise 2021,750ML,binnys,Blackbird,Blackbird Arise 2022,750ML,,,
Pf0cdde597589,near_miss,binnys,Silver Oak,Silver Oak Cabernet Sauvignon Napa Valley 2015,6L,binnys,Silver Oak,Silver Oak Cabernet Sauvignon Alexander Valley 2016,6L,,,
P1362d97d1703,near_miss,abc,Beatbox,BeatBox Blueberry Lemonade,500 mL,abc,Beatbox,BeatBox Fruit Punch,16.9 Oz,,,
P605e3aebe320,near_miss,binnys,Wilderness Trail,Wilderness Trail Wheated Bourbon Single Barrel # 762706 Binny's Handpicked,750ML,binnys,Wilderness Trail,Wilderness Trail Wheated Bourbon Single Barrel # 762715 Binny's Handpicked,750ML,,,
P072bd1125154,near_miss,abc,Buzzballz,BuzzBallz Cocktails Forbidden Apple,200 mL,binnys,Buzzballz,Buzzballz Hole-In-Fun Golf Ball,200ML,,,
Pf68f35cc90f6,near_miss,binnys,Dewars,Dewar's Double Double 27 year old Blended Scotch,375ML,binnys,Dewars,Dewar's Double Double 37 year old Blended Scotch With Baccarat Crystal Glasses,375ML,,,
P63f39498f2ce,near_miss,abc,One Of One,One of One Alcohol-Removed Sauvignon Blanc,750 mL,abc,One Of One,One of One Alcohol-Removed Cabernet Sauvignon,750 mL,,,
P2ac96302c898,near_miss,binnys,Crafthouse,Crafthouse Espresso Martini 4 Pack Cans,4 x 200ML,binnys,Crafthouse,Crafthouse Mai Tai 4 Pack Cans,4 x 200ML,,,
Pda967f72d68c,near_miss,binnys,High Wire Distilling,High Wire Distilling Jimmy Red Bourbon Bottled in Bond,750ML,binnys,High Wire Distilling,High Wire Distilling Jimmy Red Bourbon Oloroso Cask Finish,750ML,,,
P53841b56996f,near_miss,binnys,Quinta do Soalheiro ,Quinta do Soalheiro Granit Alvarinho 2022,750ML,binnys,Quinta do Soalheiro ,Quinta do Soalheiro Alvarinho 2024,750ML,,,
P1b1e91fc20d2,near_miss,total-wine,Shelton,Shelton Cabernet Franc Estate Bottled,750ml Bottle,total-wine,Shelton,Shelton Chardonnay Estate Bottled,750ml Bottle,,,
Pa4af9154bd66,near_miss,abc,Buzzballz,BuzzBallz Boulders Lime 'Rita Chillers,3.0 L,binnys,Buzzballz,Buzzballz Goaaaaal-Melon,3L,,,
P75c7a0be1cc3,near_miss,binnys,San Salvatore,San Salvatore Falanghina 2022,750ML,binnys,San Salvatore,San Salvatore Falanghina 2023,750ML,,,
Pd186ad3f79b7,near_miss,binnys,Chateau Poujeaux,Chateau Poujeaux Moulis en Medoc 2018,750ML,abc,Chateau Poujeaux,Chateau Poujeaux 2020,750 mL,,,
P76de9f3f263b,near_miss,total-wine,Forgotten Fire,Forgotten Fire Cabernet Franc,750ml Bottle,total-wine,Forgotten Fire,Forgotten Fire Pink Hot Mess,750ml Bottle,,,
P7dda399c15ae,near_miss,abc,Ole Smoky,Ole Smoky Mango Habanero Moonshine,750 mL,binnys,Ole Smoky,Ole Smoky Mandarins in Tennessee Moonshine,750ML,,,
P113c71a2497a,near_miss,binnys,Acrobat,Acrobat Pinot Gris 2023,750ML,binnys,Acrobat,Acrobat Pinot Gris 2024,750ML,,,
P13e85bed04c2,near_miss,abc,Florida Beer,Key West Sunset Ale,12 Oz,abc,Florida Beer,Florida Beer Caribe Pineapple Cider,12 Oz,,,
P9d19f7fbe695,near_miss,total-wine,Stillwater,Stillwater Action Bronson 7000,16oz Can,total-wine,Stillwater,Stillwater Blown Speakers,16oz Can,,,
P4952c605ff2e,near_miss,binnys,Billecart-Salmon,Billecart Salmon Extra Brut Vintage 2009,3L,binnys,Billecart-Salmon,Billecart Salmon Brut Reserve,3L,,,
P25148b1e5ce8,near_miss,binnys,Dartigalongue,Dartigalongue 60 year old Vintage Armagnac 1964,750ML,binnys,Dartigalongue,Dartigalongue 60 year old Vintage Armagnac 1965,750ML,,,
Pde8941bcced2,near_miss,abc,Josh,Josh Cellars Reserve Sauvignon Blanc,750 mL,binnys,Josh Cellars,Josh Cellars Legacy Red Blend,750ML,,,
P9665a91609aa,near_miss,binnys,Delas,Delas Cotes du Rhone Esprit Rouge 2024,750ML,total-wine,Delas,Delas Crozes Hermitage Domaine des Grand Chemins,750ml Bottle,,,
P492a3e802c14,near_miss,binnys,Caruso & Minini,Caruso and Minini Nebacco Nero d'Avola 2021,750ML,binnys,Caruso & Minini,Caruso e Minini Perricone Naturalmente 2021,750ML,,,
P7a5c65bf3210,near_miss,total-wine,Smirnoff,Smirnoff Green Apple Vodka,1L Bottle,total-wine,Smirnoff,Smirnoff Orange Vodka,1L Bottle,,,
Pcb5227d5fa03,near_miss,binnys,Domaine Roulot,Domaine Roulot Meursault Meix Chavaux 2023,750ML,binnys,Domaine Roulot,Domaine Roulot Meursault Les Vireuils 2023,750ML,,,
P651c7f52efba,near_miss,binnys,Manuscrito,Manuscrito Tequila Chapter Two High Proof Blanco,750ML,binnys,Manuscrito,Manuscrito Tequila Chapter One Blanco,750ML,,,
P3bff39c9d3a9,near_miss,binnys,Ardbeg,Ardbeg Traigh Bhan 19 year old Islay Single Malt Batch # 5 Limited Release 2023,750ML,binnys,Ardbeg,Ardbeg Spectacular Ardbeg Day Release 2024,750ML,,,
Pd2366db79a01,near_miss,total-wine,Biltmore,Biltmore Estate Cabernet,750ml Bottle,total-wine,Biltmore,Biltmore Estate Cardinals Crst Red,750ml Bottle,,,
P263f2e325427,near_miss,binnys,WhistlePig,WhistlePig Beyond Bonded Barley,750ML,binnys,WhistlePig,WhistlePig Farmstock Rye Bottled in Barn Crop # 3,750ML,,,
Pd927d16b23f1,near_miss,binnys,Kara Tara,Kara Tara Pinot Noir 2023,750ML,binnys,Kara Tara,Kara Tara Pinot Noir 2024,750ML,,,
P03be1df53559,near_miss,binnys,Verdi,Verdi Green Apple Sparkletini,750ML,binnys,Verdi,Verdi Peach Sparkletini,750ML,,,
Pc64eecb73078,near_miss,binnys,Mettler,Mettler Cabernet Sauvignon 2024,750ML,abc,Mettler,Mettler Zinfandel,750 mL,,,
P925bc8ae58a4,near_miss,binnys,Canard-Duchene,Canard Duchene Brut Vintage 2018,750ML,binnys,Canard-Duchene,Canard Duchene Blanc de Blancs Iconic,750ML,,,
P49f81d26ca24,near_miss,binnys,Moth Drinks,Moth Drinks Pina Colada 4pk,4 x 200ML,binnys,Moth Drinks,Moth Drinks Cosmopolitan 4pk,4 x 200ML,,,
P2f367a0ad5d2,near_miss,binnys,Stags' Leap Winery,Stag's Leap Wine Cellars Sauvignon Blanc Aveta 2023,750ML,binnys,Stags' Leap Winery,Stags' Leap Winery Sauvignon Blanc 2023,750ML,,,
P6e7c400d0851,near_miss,binnys,Cascina Penna Currado,Cascina Penna Currado Barbera d'Alba Carra 2023,750ML,binnys,Cascina Penna Currado,Cascina Penna Currado Dolcetto d'Alba Bricco Lago 2023,750ML,,,
P5b9159e6a4a5,near_miss,total-wine,Collective Arts,Collective Arts Origin Of Darkness KEX Collaboration,500ml Bottle,total-wine,Collective Arts,Collective Arts Origin of Darkness - Donut Monster,500ml Bottle,,,
P4209d6efccb6,near_miss,binnys,Vintrendi,Vintrendi Vine Candy Chocolate Bliss,750ML,binnys,Vintrendi,Vintrendi Vine Chocolate Cherry Cuvee,750ML,,,
P2ffffb1ba0d2,near_miss,total-wine,D9,D9 Brown Sugar Brown Cow,16oz Can,total-wine,D9,D9 More Cowbell,16oz Can,,,
Pbe5dc9dbb35d,near_miss,binnys,Cantina Fratelli Pardi,Cantina Fratelli Pardi Sagrantino di Montefalco 2021,750ML,binnys,Cantina Fratelli Pardi,Cantina Fratelli Pardi Montefalco Rosso Riserva 2022,750ML,,,
Pc2554b94ac14,near_miss,binnys,Fitz Ritter,Fitz Ritter Gewurztraminer Spatlese Pfalz 2023,750ML,binnys,Fitz Ritter,Fitz Ritter Gewurztraminer Spatlese Pfalz 2024,750ML,,,
P6b0e34f4826b,near_miss,binnys,Don Fullano,Don Fulano Anejo Tequila,750ML,binnys,Don Fullano,Don Fulano Blanco Tequila,750ML,,,
Pf76205ae6fbb,near_miss,binnys,Arran,Arran Distillers Sherry Cask 2023 Limited Release,700ML,binnys,Arran,Lagg Corriecravie Oloroso Hoggie Finished Peated Isle of Arran Malt,700ML,,,
Pffeb1bde70c9,near_miss,binnys,Chateau Pichon Longueville Comtesse de Lalande,Chateau Pichon Longueville Comtesse de Lalande Pauillac 2018,750ML,binnys,Chateau Pichon Longueville Comtesse de Lalande,Chateau Pichon Longueville Comtesse de Lalande Pauillac 2021,750ML,,,
P920c3aee04f6,near_miss,binnys,La Rasina,La Rasina Brunello di Montalcino 2019,750ML,binnys,La Rasina,La Rasina Rosso di Montalcino 2022,750ML,,,
Pc10aabee709a,near_miss,binnys,Chateau Grand Corbin Despagne,Chateau Grand Corbin Despagne Saint Emilion 2023,750ML,binnys,Chateau Grand Corbin Despagne,Chateau Grand Corbin Despagne Saint Emilion (Futures) 2024,750ML,,,
P37d95cc0a8e4,near_miss,binnys,Mouton Noir,Maison Noir Love Drunk Rose 2024,750ML,binnys,Mouton Noir,Maison Noir Horseshoes & Handgrenades Red,750ML,,,
P83dca442f77f,near_miss,binnys,Kraken,Kraken Black Spiced Rum,750ML,binnys,Kraken,Kraken Gold Spiced Rum,750ML,,,
P86cd17312e5b,near_miss,binnys,Rombauer,Rombauer Merlot 2021,750ML,binnys,Rombauer,Rombauer Zinfandel 2021,750ML,,,
Pad242ad9c26f,near_miss,binnys,Sugarland,Sugarlands Shine Orange Squeeze Moonshine,750ML,binnys,Sugarland,Sugarlands Peppermint Stick Moonshine,750ML,,,
Pb27cbc8e61f7,near_miss,total-wine,Devils Backbone,Devils Backbone Hibiscus Hard Lemonade,12oz Bottle,total-wine,Devils Backbone,Devils Backbone Maibock,12oz Bottle,,,
P12831abfd13b,near_miss,binnys,Hagafen,Hagafen Chardonnay 2022,750ML,binnys,Hagafen,Hagafen Pinot Noir 2023,750ML,,,
P27bb8aa1c8ec,near_miss,binnys,Casa Silva,Casa Silva Sauvignon Gris 2023,750ML,binnys,Casa Silva,Casa Silva Carmenere Terroir de Familia 2024,750ML,,,
P5e8e5dd89f3d,near_miss,binnys,Vineyard 29,Vineyard 29 Cabernet Sauvignon Ceanda 2021,750ML,binnys,Vineyard 29,Vineyard 29 Cabernet Sauvignon Cru 2022,750ML,,,
P3a7531a454ce,near_miss,binnys,Dark Arts,Dark Arts Whiskey House Blunt Blend Vol. 2 Rye Madeira & Armagnac Finish 2025,750ML,binnys,Dark Arts,Dark Arts Whiskey House Ripple Rye 7 year old 95/5 Rye Maple & Amburana Finish,750ML,,,
Pd4e7b4074c7e,near_miss,binnys,Chateau Montelena,Chateau Montelena Cabernet Sauvignon Estate 1994,5L,binnys,Chateau Montelena,Chateau Montelena Cabernet Sauvignon Estate 2004,5L,,,
P031903f963af,near_miss,total-wine,Etienne Sauzet,Sauzet Puligny-Montrachet 1er Cru Les Referts,750ml Bottle,binnys,Etienne Sauzet,Domaine Etienne Sauzet Corton Charlemange 2022,750ML,,,
P85b59d19c220,near_miss,binnys,Ardnamurchan,Ardnamurchan Highland Single Malt,700ML,binnys,Ardnamurchan,Ardnamurchan The Midgie Highland Single Malt,700ML,,,
P9f6e8dbd1748,near_miss,binnys,Lynfred,Lynfred Spiced Apple Wine,750ML,binnys,Lynfred,Lynfred Blackberry Wine,750ML,,,
P11944c0b9378,near_miss,binnys,Ketel One,Ketel One Vodka,1.75L,binnys,Ketel One,Ketel One Citroen Vodka,1.75L,,,
Pfee6ff655a29,near_miss,binnys,Bota Box,Bota Box Nighthawk Gold Chardonnay,3L,binnys,Bota Box,Bota Box Dry Rose,3L,,,
P763ae5bf5c93,near_miss,abc,Bacardi,Bacardi Pineapple Rum,1.75 L,binnys,Bacardi,Bacardi Rum Punch RTS,1.75L,,,
P55d78e1c389f,near_miss,binnys,Tanqueray,Tanqueray London Dry Gin,750ML,binnys,Tanqueray,Tanqueray Negroni,750ML,,,
P118036787397,near_miss,binnys,Laurenz V.,Laurenz V und Sophie Singing Gruner Veltliner 2023,750ML,abc,Laurenz V.,Laurenz V. Friendly,750 mL,,,
P6404a33cd9b2,near_miss,binnys,Vallana,Vallana Spanna Colline Novaresi 2019,750ML,binnys,Vallana,Vallana Spanna Colline Novaresi 2020,750ML,,,
Pe58996fcdc35,near_miss,total-wine,Relic,Relic The Crone,16oz Can,total-wine,Relic,Relic Fact Pattern,16oz Can,,,
Pbae5f60ffda5,near_miss,binnys,Charles Krug,Charles Krug Cabernet Sauvignon 2023,750ML,abc,Charles Krug,Charles Krug Cabernet Sauvignon,750 mL,,,
Pb18529f8fc24,near_miss,binnys,Wayfarer,Wayfarer Pinot Noir Fort Ross Seaview 2021,750ML,binnys,Wayfarer,Wayfarer Pinot Noir The Estate Fort Ross-Seaview 2022,750ML,,,
P50164f3ded6b,near_miss,binnys,Adictivo,Adictivo 14 year old Extra Anejo Tequila King's Edition Extra Rare,750ML,binnys,Adictivo,Adictivo Blanco Craft Tequila from Select El Arenal Agave,750ML,,,
P34dae002ed69,near_miss,binnys,Burrito Fiestero,Mezcal Burrito Fiestero Artesanal Cenizo,750ML,abc,Burrito Fiestero,Burrito Fiestero Cenizo Mezcal,750 mL,,,
Pfed1c6e23bc1,near_miss,binnys,Highland Park,Highland Park 14 year old Westray Refill Hogshead # 2621 2005,750ML,binnys,Highland Park,Highland Park 15 year old Orkney Single Malt,750ML,,,
P34ad6c788193,near_miss,binnys,Glenfarclas,Glenfarclas 10 year old Speyside Single Malt,750ML,binnys,Glenfarclas,Glenfarclas 105 Cask Strength,750ML,,,
Pd012ad84de37,near_miss,binnys,Domaine Forey,Domaine Forey Pere et Fils Morey Saint Denis 2023,750ML,binnys,Domaine Forey,Domaine Forey Pere et Fils Echezeaux 2023,750ML,,,
Pbc34d52af3c4,near_miss,binnys,Kavalan,Kavalan ex Bourbon Cask Aged Single Malt Cask Strength 15th Anniversary Release 2024,750ML,binnys,Kavalan,Kavalan King Car Whisky Conductor,750ML,,,
Pa5372fff3e04,near_miss,binnys,Tabor Hill,Tabor Hill Cherry Wine,750ML,binnys,Tabor Hill,Tabor Hill Classic Demi Sec Red,750ML,,,
Pc848d987b54c,near_miss,total-wine,Williamsburg,Williamsburg Gabriel Archer,750ml Bottle,total-wine,Williamsburg Winery,Williamsburg Winery Dry Rose,750ml Bottle,,,
P1106e8f4dea9,near_miss,binnys,PM Spirits,PM Spirits Destilado de Agave Espadin Full Strength,700ML,binnys,PM Spirits,PM Spirits Overproof Armagnac,700ML,,,
P827e0d64aea1,near_miss,total-wine,Blue Pants,Blue Pants Supercool Imperial IPA,12oz Can,total-wine,Blue Pants,Blue Pants IPA,12oz Can,,,
P9b42812f9823,near_miss,total-wine,Forgotten Fire,Forgotten Fire Green with Envy,750ml Bottle,total-wine,Forgotten Fire,Forgotten Fire Pink Hot Mess,750ml Bottle,,,
P58142112050a,near_miss,total-wine,Chaddsford,Chaddsford Spiced Apple,750ml Bottle,total-wine,Chaddsford,Chaddsford Sangri La,750ml Bottle,,,
P1438b0daf8b0,near_miss,total-wine,Troegs,Troegs Troegenator Double Bock,16oz Can,total-wine,Troegs,Troegs Lollihop Double IPA,16oz Can,,,
P3d803fe535c9,near_miss,binnys,Donnhoff,Donnhoff Estate Riesling 2024,750ML,binnys,Donnhoff,Donnhoff Estate Riesling Trocken 2024,750ML,,,
P3199e1771eee,near_miss,abc,Opolo,Opolo Summit Creek Cabernet Sauvignon,750 mL,abc,Opolo,Opolo Summit Creek Merlot,750 mL,,,
P7ed24c73cde8,near_miss,binnys,Resonance,Resonance by Resonance Pinot Noir 2022,750ML,binnys,Resonance,Resonance Pinot Noir Decouverte Vineyard 2022,750ML,,,
P25148b1e5ce8,near_miss,binnys,Dartigalongue,Dartigalongue 20 year old Vintage Armagnac 2006,750ML,binnys,Dartigalongue,Dartigalongue Hors d'Age Armagnac,750ML,,,
P38aa021a3962,control,abc,Bud/Bud Light/Select/55,Bud Light,7 Oz,abc,Bud/Bud Light/Select/55,Bud Light,25.4 Oz,,,
P5f53acba3c43,control,binnys,Gran Centenario,Gran Centenario Plata Tequila,750ML,binnys,Gran Centenario,Gran Centenario Plata Tequila,1.75L,,,
P72f791c8b5f4,control,binnys,Brugal,Brugal Anejo Rum,750ML,abc,Brugal,Brugal Anejo Rum,1.75 L,,,
Pdc1015b8483c,control,total-wine,Corsendonk,Corsendonk Abbey Pale/Agnus Tripel,4 Pack-11oz Bottles,total-wine,Corsendonk,Corsendonk Abbey Pale/Agnus Tripel,750ml Bottle,,,
Pf0edf6618709,control,abc,Captain Morgan,Captain Morgan White Rum,750 mL,abc,Captain Morgan,Captain Morgan White Rum,1.75 L,,,
P056181ffb829,control,abc,Crown Royal,Crown Royal Deluxe Canadian Whisky,200 mL,abc,Crown Royal,Crown Royal Deluxe Canadian Whisky,1.75 L,,,
P352f9a45b2fe,control,abc,Don Q,Don Q Coconut Rum,750 mL,abc,Don Q,Don Q Coconut Rum,1.75 L,,,
Pa76fed607448,control,binnys,Chateau Pape Clement,Chateau Pape Clement Pessac Leognan Rouge 2023,750ML,binnys,Chateau Pape Clement,Chateau Pape Clement Pessac Leognan Rouge 2023,1.5L,,,
P0c7632e9ea65,control,binnys,Balcones,Balcones Baby Blue Corn Whisky,750ML,binnys,Balcones,Balcones Baby Blue Corn Whisky,1.75L,,,
P64376b65eace,control,abc,Smirnoff,Smirnoff Watermelon Vodka,50 mL,total-wine,Smirnoff,Smirnoff Watermelon Vodka,1.75L Bottle,,,
P846298ca16e4,control,binnys,Bubba's,Bubba's PB Pancakes & Bacon Whiskey,50ML,binnys,Bubba's,Bubba's PB Pancakes & Bacon Whiskey,750ML,,,
P200acee14c48,control,binnys,Le Grand Courtage,Le Grand Courtage Brut Rose,187ML,binnys,Le Grand Courtage,Le Grand Courtage Brut Rose,750ML,,,
P427d71bb11db,control,binnys,Mount Gay,Mount Gay Eclipse Rum,750ML,binnys,Mount Gay,Mount Gay Eclipse Rum,1.75L,,,
Pf7f063eafcdb,control,total-wine,Cella,Cella Lambrusco,750ml Bottle,total-wine,Cella,Cella Lambrusco,3L Bottle,,,
Pe544529cd51f,control,binnys,Paddy's,Paddy Irish Whiskey,50ML,binnys,Paddy's,Paddy Irish Whiskey,750ML,,,
P40f5097f466b,control,binnys,Four Pillars,Four Pillars Olive Leaf Gin,700ML,binnys,Four Pillars,Four Pillars Olive Leaf Gin,750ML,,,
P1b27a8f5376b,control,total-wine,Chateau Fleur Cardinale,Chateau Fleur Cardinale St Emilion,1.5L Bottle,total-wine,Chateau Fleur Cardinale,Chateau Fleur Cardinale St Emilion,3L Bottle,,,
P2317529d9e9e,control,binnys,Sauza,Sauza Hacienda Gold Tequila,50ML,total-wine,Sauza,Sauza Hacienda Gold Tequila,1.75L Bottle,,,
P30078157d0d8,control,binnys,Jinro,Jinro Chamisul Soju Fresh 16%,375ML,binnys,Jinro,Jinro Chamisul Soju Fresh 16%,1.8L,,,
P784efc61af79,control,binnys,Five Farms,Five Farms Single Batch Irish Cream Liqueur,50ML,binnys,Five Farms,Five Farms Single Batch Irish Cream Liqueur,750ML,,,
P1f2d48ade529,control,haskells,Bacardi,Bacardi Raspberry  1.0L,,haskells,Bacardi,Bacardi Raspberry Rum  1.75L,,,,
P550ac802a86c,control,binnys,,Liquid Alchemist Orgeat Syrup,150ML,binnys,,Liquid Alchemist Orgeat Syrup,750ML,,,
P4eecc36a007d,control,abc,Christian Bros,Christian Brothers Brandy,750 mL,abc,Christian Bros,Christian Brothers Brandy,1.75 L,,,
P0ccaecebc786,control,total-wine,Chateau Lynch Bages,Chateau Lynch Bages Pauillac,750ml Bottle,total-wine,Chateau Lynch Bages,Chateau Lynch Bages Pauillac,1.5L Bottle,,,
P429944dee789,control,abc,Banfi,Banfi Centine Rosso,750 mL,binnys,Banfi,Banfi Centine Rosso,5L,,,
P03be1df53559,control,binnys,Verdi,Verdi Raspberry Sparkletini,187ML,binnys,Verdi,Verdi Raspberry Sparkletini,750ML,,,
Pcd31175223ae,control,binnys,Buzzballz,Buzzballz Pink Lemonsqueezy,200ML,binnys,Buzzballz,Buzzballz Pink Lemonsqueezy,1.75L,,,
P4355b9596f5d,control,total-wine,Jacob's Creek,Jacob's Creek Merlot,750ml Bottle,total-wine,Jacob's Creek,Jacob's Creek Merlot,1.5L Bottle,,,
Pebd3f0653c7f,control,abc,Abc,ABC Gulf Crest Alcohol 153,750 mL,abc,Abc,ABC Gulf Crest Alcohol 153,1.75 L,,,
Pb5d6b5696f14,control,binnys,Fontodi,Fontodi Flaccianello della Pieve 2019,750ML,binnys,Fontodi,Fontodi Flaccianello della Pieve 2019,3L,,,
P3124efda6263,control,binnys,Seagram's,Seagram's Extra Smooth Vodka,375ML,binnys,Seagram's,Seagram's Extra Smooth Vodka,750ML,,,
P9af5a81fb94d,control,binnys,Buzzballz,Buzzballz Grapes Gone Wild,200ML,binnys,Buzzballz,Buzzballz Grapes Gone Wild,1.75L,,,
P93b4838c0448,control,binnys,,Liquid Alchemist Ginger Syrup,375ML,binnys,,Liquid Alchemist Ginger Syrup,750ML,,,
Pe57535d213ee,control,total-wine,Il Conte,Il Conte Pinot Grigio,750ml Bottle,total-wine,Il Conte,Il Conte Pinot Grigio,1.5L Bottle,,,
P9d3ba815b371,control,abc,Deep Eddy,Deep Eddy Ruby Red Grapefruit Vodka,50 mL,binnys,Deep Eddy,Deep Eddy Ruby Red Grapefruit Vodka,1.75L,,,
P5de3fc540e84,control,binnys,Spottswoode,Spottswoode Estate Cabernet Sauvignon 2022,750ML,binnys,Spottswoode,Spottswoode Estate Cabernet Sauvignon 2022,3L,,,
P05b0fd4440dd,control,abc,J. Lohr,J. Lohr Estates Riverstone Chardonnay,750 mL,total-wine,J Lohr,J. Lohr Estates Riverstone Chardonnay,1.5L Bottle,,,
P2a5b9adfc9c2,control,binnys,Casamigos,Casamigos Anejo Tequila,50ML,binnys,Casamigos,Casamigos Anejo Tequila,1.75L,,,
Pd24fed90335c,control,binnys,Choya,Choya Umeshu,500ML,binnys,Choya,Choya Umeshu,750ML,,,
P3da6c733d863,control,binnys,Letherbee,Letherbee Limited Label R. Franklin's Original Recipe Besk,200ML,binnys,Letherbee,Letherbee Limited Label R. Franklin's Original Recipe Besk,750ML,,,
P55094b26a6e0,control,total-wine,Krombacher,Krombacher Pils,6 Pack-11oz Bottles,binnys,Krombacher,Krombacher Pils,5L,,,
Pd2b7b3b5c6f1,control,binnys,Polmos,Polmos Spirytus Rektyfikowany 192 Proof,750ML,binnys,Polmos,Polmos Spirytus Rektyfikowany 192 Proof,1.75L,,,
Pe33e5b49391f,control,binnys,Old Forester,Old Forester Bourbon,50ML,binnys,Old Forester,Old Forester Bourbon,1.75L,,,
Pbacb12dea361,control,binnys,Moet & Chandon,Moet & Chandon Nectar Imperial Rose,187ML,abc,Moet &amp; Chandon,Moet & Chandon Nectar Imperial Rose,1.5 L,,,
P3a8dba7e3845,control,binnys,Tin Cup,Tincup Colorado American Whiskey,375ML,binnys,Tin Cup,Tincup Colorado American Whiskey,1.75L,,,
